
-- Insert into Users table
INSERT INTO Users (user_id, Name, email) VALUES
('11111111-1111-1111-1111-111111111111', 'John Doe', 'john.doe@example.com'),
('22222222-2222-2222-2222-222222222222', 'Jane Smith', 'jane.smith@example.com'),
('33333333-3333-3333-3333-333333333333', 'Alice Johnson', 'alice.johnson@example.com'),
('44444444-4444-4444-4444-444444444444', 'Bob Brown', 'bob.brown@example.com');

-- Insert into Groups table
INSERT INTO Groups (group_id, name, description, owner_id) VALUES
('55555555-5555-5555-5555-555555555555', 'Group A', 'This is Group A', '11111111-1111-1111-1111-111111111111'),
('66666666-6666-6666-6666-666666666666', 'Group B', 'This is Group B', '22222222-2222-2222-2222-222222222222');

-- Insert into Group_Users table
INSERT INTO Group_Users (group_id, user_id, balance) VALUES
('55555555-5555-5555-5555-555555555555', '11111111-1111-1111-1111-111111111111', 100.00),
('55555555-5555-5555-5555-555555555555', '33333333-3333-3333-3333-333333333333', -50.00),
('55555555-5555-5555-5555-555555555555', '44444444-4444-4444-4444-444444444444', -50.00),
('66666666-6666-6666-6666-666666666666', '22222222-2222-2222-2222-222222222222', 200.00),
('66666666-6666-6666-6666-666666666666', '33333333-3333-3333-3333-333333333333', -100.00),
('66666666-6666-6666-6666-666666666666', '44444444-4444-4444-4444-444444444444', -100.00);

-- Insert into Transactions table
INSERT INTO Transactions (transaction_id, group_id, recording_user, transaction_type) VALUES
('77777777-7777-7777-7777-777777777777', '55555555-5555-5555-5555-555555555555', '11111111-1111-1111-1111-111111111111', 1),
('88888888-8888-8888-8888-888888888888', '66666666-6666-6666-6666-666666666666', '22222222-2222-2222-2222-222222222222', 2);

-- Insert into Transaction_Details table
INSERT INTO Transaction_Details (transaction_id, user_id, owed_amount, created_by_user_id, updated_by_user_id) VALUES
('77777777-7777-7777-7777-777777777777', '33333333-3333-3333-3333-333333333333', 50.00, '11111111-1111-1111-1111-111111111111', '11111111-1111-1111-1111-111111111111'),
('77777777-7777-7777-7777-777777777777', '44444444-4444-4444-4444-444444444444', 50.00, '11111111-1111-1111-1111-111111111111', '11111111-1111-1111-1111-111111111111'),
('88888888-8888-8888-8888-888888888888', '33333333-3333-3333-3333-333333333333', 100.00, '22222222-2222-2222-2222-222222222222', '22222222-2222-2222-2222-222222222222'),
('88888888-8888-8888-8888-888888888888', '44444444-4444-4444-4444-444444444444', 100.00, '22222222-2222-2222-2222-222222222222', '22222222-2222-2222-2222-222222222222');


DESC Table Groups_User